"source_id","source","old_map_id","old_map_name","proposed_category","current_name","current_status","latitude","longitude","verification_status","verification_date","transcription_confidence","image_x_px","image_y_px","notes"
"historical-map-001","OLD_LPU_MAP","1","HM","Other","","","","","APPROXIMATE","","LOW","","","Abbreviation retained; requires transcription and meaning review."
"historical-map-001","OLD_LPU_MAP","2","Campus Cafe","Food","","","","","APPROXIMATE","","MEDIUM","","","Historical label only; category inferred; current identity and geography unverified."
"historical-map-001","OLD_LPU_MAP","3","Auditorium","Entertainment","","","","","APPROXIMATE","","MEDIUM","","","Historical label only; category inferred; current identity and geography unverified."
"historical-map-001","OLD_LPU_MAP","4","LIT Engineering","Academic","","","","","APPROXIMATE","","MEDIUM","","","Historical label only; category inferred; current identity and geography unverified."
"historical-map-001","OLD_LPU_MAP","5","LIT Pharmacy","Academic","","","","","APPROXIMATE","","MEDIUM","","","Historical label only; category inferred; current identity and geography unverified."
"historical-map-001","OLD_LPU_MAP","6","LIT Architecture","Academic","","","","","APPROXIMATE","","MEDIUM","","","Historical label only; category inferred; current identity and geography unverified."
"historical-map-001","OLD_LPU_MAP","7","LIT Pharmacy","Academic","","","","","APPROXIMATE","","MEDIUM","","","Historical label only; category inferred; current identity and geography unverified."
"historical-map-001","OLD_LPU_MAP","8","Shri Baldev Raj Mittal Hospital","Healthcare","","","","","APPROXIMATE","","MEDIUM","","","Historical label only; category inferred; current identity and geography unverified."
"historical-map-001","OLD_LPU_MAP","9","Girls Hostel 1","Hostel","","","","","APPROXIMATE","","MEDIUM","","","Historical label only; category inferred; current identity and geography unverified."
"historical-map-001","OLD_LPU_MAP","10","Girls Hostel 2","Hostel","","","","","APPROXIMATE","","MEDIUM","","","Historical label only; category inferred; current identity and geography unverified."
"historical-map-001","OLD_LPU_MAP","11","Girls Hostel 3","Hostel","","","","","APPROXIMATE","","MEDIUM","","","Historical label only; category inferred; current identity and geography unverified."
"historical-map-001","OLD_LPU_MAP","12","Girls Hostel 4","Hostel","","","","","APPROXIMATE","","MEDIUM","","","Historical label only; category inferred; current identity and geography unverified."
"historical-map-001","OLD_LPU_MAP","13","LIT Polytechnic","Academic","","","","","APPROXIMATE","","MEDIUM","","","Historical label only; category inferred; current identity and geography unverified."
"historical-map-001","OLD_LPU_MAP","14","Business Block","Academic","","","","","APPROXIMATE","","MEDIUM","","","Historical label only; category inferred; current identity and geography unverified."
"historical-map-001","OLD_LPU_MAP","15","Lovely Mall","Shopping","","","","","APPROXIMATE","","MEDIUM","","","Historical label only; category inferred; current identity and geography unverified."
"historical-map-001","OLD_LPU_MAP","16","Hotel Mgt","Academic","","","","","APPROXIMATE","","LOW","","","Abbreviation retained; requires transcription and meaning review."
"historical-map-001","OLD_LPU_MAP","17","Mall - II","Shopping","","","","","APPROXIMATE","","MEDIUM","","","Historical label only; category inferred; current identity and geography unverified."
"historical-map-001","OLD_LPU_MAP","18","Education","Academic","","","","","APPROXIMATE","","MEDIUM","","","Historical label only; category inferred; current identity and geography unverified."
"historical-map-001","OLD_LPU_MAP","19","Auditorium","Entertainment","","","","","APPROXIMATE","","MEDIUM","","","Historical label only; category inferred; current identity and geography unverified."
"historical-map-001","OLD_LPU_MAP","20","LSB","Other","","","","","APPROXIMATE","","MEDIUM","","","Abbreviation retained; requires transcription and meaning review."
"historical-map-001","OLD_LPU_MAP","21","Girl Hostel 5","Hostel","","","","","APPROXIMATE","","MEDIUM","","","Historical label only; category inferred; current identity and geography unverified."
"historical-map-001","OLD_LPU_MAP","22","Girl Hostel 6","Hostel","","","","","APPROXIMATE","","MEDIUM","","","Historical label only; category inferred; current identity and geography unverified."
"historical-map-001","OLD_LPU_MAP","23","Auditorium","Entertainment","","","","","APPROXIMATE","","MEDIUM","","","Historical label only; category inferred; current identity and geography unverified."
"historical-map-001","OLD_LPU_MAP","24","Auditorium","Entertainment","","","","","APPROXIMATE","","MEDIUM","","","Historical label only; category inferred; current identity and geography unverified."
"historical-map-001","OLD_LPU_MAP","25","Engineering","Academic","","","","","APPROXIMATE","","MEDIUM","","","Historical label only; category inferred; current identity and geography unverified."
"historical-map-001","OLD_LPU_MAP","26","Engineering","Academic","","","","","APPROXIMATE","","MEDIUM","","","Historical label only; category inferred; current identity and geography unverified."
"historical-map-001","OLD_LPU_MAP","27","Engineering","Academic","","","","","APPROXIMATE","","MEDIUM","","","Historical label only; category inferred; current identity and geography unverified."
"historical-map-001","OLD_LPU_MAP","28","Engineering","Academic","","","","","APPROXIMATE","","MEDIUM","","","Historical label only; category inferred; current identity and geography unverified."
"historical-map-001","OLD_LPU_MAP","29","Engineering","Academic","","","","","APPROXIMATE","","MEDIUM","","","Historical label only; category inferred; current identity and geography unverified."
"historical-map-001","OLD_LPU_MAP","30","Chancellor Office","Administrative","","","","","APPROXIMATE","","MEDIUM","","","Historical label only; category inferred; current identity and geography unverified."
"historical-map-001","OLD_LPU_MAP","31","Administrative Block","Administrative","","","","","APPROXIMATE","","MEDIUM","","","Historical label only; category inferred; current identity and geography unverified."
"historical-map-001","OLD_LPU_MAP","32","Administrative Block","Administrative","","","","","APPROXIMATE","","MEDIUM","","","Historical label only; category inferred; current identity and geography unverified."
"historical-map-001","OLD_LPU_MAP","33","Engineering","Academic","","","","","APPROXIMATE","","MEDIUM","","","Historical label only; category inferred; current identity and geography unverified."
"historical-map-001","OLD_LPU_MAP","34","Engineering","Academic","","","","","APPROXIMATE","","MEDIUM","","","Historical label only; category inferred; current identity and geography unverified."
"historical-map-001","OLD_LPU_MAP","35","Engineering","Academic","","","","","APPROXIMATE","","MEDIUM","","","Historical label only; category inferred; current identity and geography unverified."
"historical-map-001","OLD_LPU_MAP","36","Engineering","Academic","","","","","APPROXIMATE","","MEDIUM","","","Historical label only; category inferred; current identity and geography unverified."
"historical-map-001","OLD_LPU_MAP","37","Engineering","Academic","","","","","APPROXIMATE","","MEDIUM","","","Historical label only; category inferred; current identity and geography unverified."
"historical-map-001","OLD_LPU_MAP","38","Engineering","Academic","","","","","APPROXIMATE","","MEDIUM","","","Historical label only; category inferred; current identity and geography unverified."
"historical-map-001","OLD_LPU_MAP","39","STP","Utility","","","","","APPROXIMATE","","MEDIUM","","","Abbreviation retained; requires transcription and meaning review."
"historical-map-001","OLD_LPU_MAP","40","Store","Other","","","","","APPROXIMATE","","MEDIUM","","","Historical label only; category inferred; current identity and geography unverified."
"historical-map-001","OLD_LPU_MAP","41","Staff Residence","Other","","","","","APPROXIMATE","","MEDIUM","","","Historical label only; category inferred; current identity and geography unverified."
"historical-map-001","OLD_LPU_MAP","42","Staff Residence","Other","","","","","APPROXIMATE","","MEDIUM","","","Historical label only; category inferred; current identity and geography unverified."
"historical-map-001","OLD_LPU_MAP","43","Boys Hostel 1","Hostel","","","","","APPROXIMATE","","MEDIUM","","","Historical label only; category inferred; current identity and geography unverified."
"historical-map-001","OLD_LPU_MAP","45","Boys Hostel 2","Hostel","","","","","APPROXIMATE","","MEDIUM","","","Historical label only; category inferred; current identity and geography unverified."
"historical-map-001","OLD_LPU_MAP","46","Boys Hostel 3","Hostel","","","","","APPROXIMATE","","MEDIUM","","","Historical label only; category inferred; current identity and geography unverified."
"historical-map-001","OLD_LPU_MAP","47","Boys Hostel 4","Hostel","","","","","APPROXIMATE","","MEDIUM","","","Historical label only; category inferred; current identity and geography unverified."
"historical-map-001","OLD_LPU_MAP","51","Boys Hostel 5","Hostel","","","","","APPROXIMATE","","MEDIUM","","","Historical label only; category inferred; current identity and geography unverified."
"historical-map-001","OLD_LPU_MAP","52","Boys Hostel 6","Hostel","","","","","APPROXIMATE","","MEDIUM","","","Historical label only; category inferred; current identity and geography unverified."
"historical-map-001","OLD_LPU_MAP","53","Academic Block 1","Academic","","","","","APPROXIMATE","","MEDIUM","","","Historical label only; category inferred; current identity and geography unverified."
"historical-map-001","OLD_LPU_MAP","54","Academic Block 2","Academic","","","","","APPROXIMATE","","MEDIUM","","","Historical label only; category inferred; current identity and geography unverified."
"historical-map-001","OLD_LPU_MAP","55","Academic Block 3","Academic","","","","","APPROXIMATE","","MEDIUM","","","Historical label only; category inferred; current identity and geography unverified."
